symbol,date,open,high,low,close,volume,oi,expiry
BANKNIFTY ,2025-12-11,59310.0,59719.2,59085.0,59496.2,975310.0,1745415.0,2025-12-30
BANKNIFTY ,2025-12-11,59677.6,60025.0,59430.0,59821.6,63180.0,206310.0,2026-01-27
BANKNIFTY ,2025-12-11,59914.8,60360.0,59800.0,60174.8,20370.0,41430.0,2026-02-24
FINNIFTY  ,2025-12-11,27592.7,27775.5,27500.0,27695.5,19435.0,33930.0,2025-12-30
FINNIFTY  ,2025-12-11,27800.0,27905.0,27800.0,27850.0,660.0,1260.0,2026-01-27
360ONE    ,2025-12-11,1112.9,1146.0,1099.6,1138.0,660000.0,1747500.0,2025-12-30
360ONE    ,2025-12-11,1107.9,1144.1,1107.9,1137.6,91000.0,57500.0,2026-01-27
360ONE    ,2025-12-11,1134.9,1135.1,1134.9,1135.1,1500.0,3500.0,2026-02-24
ABB       ,2025-12-11,5156.0,5271.0,5156.0,5258.0,456500.0,2598875.0,2025-12-30
ABB       ,2025-12-11,5182.0,5284.5,5179.5,5270.5,69375.0,154250.0,2026-01-27
ABB       ,2025-12-11,5240.0,5296.0,5237.0,5285.5,9375.0,19625.0,2026-02-24
ABCAPITAL ,2025-12-11,362.45,363.7,354.0,355.6,11274700.0,74396900.0,2025-12-30
ABCAPITAL ,2025-12-11,363.6,365.7,356.6,357.85,1333000.0,1949900.0,2026-01-27
ABCAPITAL ,2025-12-11,365.9,366.7,359.5,359.85,136400.0,384400.0,2026-02-24
ADANIENSOL,2025-12-11,994.8,1008.2,981.15,1002.8,1625400.0,18831150.0,2025-12-30
ADANIENSOL,2025-12-11,987.0,1012.9,987.0,1008.4,70200.0,136350.0,2026-01-27
ADANIENSOL,2025-12-11,999.0,1014.0,997.0,1010.2,22950.0,67500.0,2026-02-24
ADANIENT  ,2025-12-11,2226.0,2305.2,2198.3,2290.0,4301589.0,20214162.0,2025-12-30
ADANIENT  ,2025-12-11,2230.0,2312.0,2206.0,2295.7,452067.0,1564467.0,2026-01-27
ADANIENT  ,2025-12-11,2217.8,2311.0,2214.0,2302.3,33990.0,273774.0,2026-02-24
ADANIGREEN,2025-12-11,995.9,1032.0,975.7,1025.2,10184400.0,24537000.0,2025-12-30
ADANIGREEN,2025-12-11,997.6,1037.0,984.0,1030.9,370200.0,846600.0,2026-01-27
ADANIGREEN,2025-12-11,1004.1,1041.6,990.0,1036.3,45600.0,196200.0,2026-02-24
ADANIPORTS,2025-12-11,1502.7,1522.3,1501.2,1512.5,1878150.0,22521650.0,2025-12-30
ADANIPORTS,2025-12-11,1511.0,1531.0,1510.7,1519.9,256025.0,1076825.0,2026-01-27
ADANIPORTS,2025-12-11,1526.2,1538.9,1524.6,1528.6,56050.0,255075.0,2026-02-24
ALKEM     ,2025-12-11,5612.5,5684.5,5590.0,5652.0,77000.0,1599875.0,2025-12-30
ALKEM     ,2025-12-11,5647.5,5710.0,5626.0,5676.0,2250.0,10750.0,2026-01-27
AMBER     ,2025-12-11,6482.0,6634.0,6421.5,6523.0,230900.0,1085300.0,2025-12-30
AMBER     ,2025-12-11,6368.5,6545.0,6334.5,6435.0,14700.0,123700.0,2026-01-27
AMBER     ,2025-12-11,6430.0,6430.0,6400.0,6420.0,400.0,7300.0,2026-02-24
AMBUJACEM ,2025-12-11,532.1,539.95,527.0,538.85,4768050.0,48365100.0,2025-12-30
AMBUJACEM ,2025-12-11,539.0,542.7,530.5,541.8,303450.0,1362900.0,2026-01-27
AMBUJACEM ,2025-12-11,535.9,545.05,534.45,544.75,37800.0,187950.0,2026-02-24
ANGELONE  ,2025-12-11,2456.2,2578.5,2431.0,2571.8,1278000.0,3540250.0,2025-12-30
ANGELONE  ,2025-12-11,2422.0,2548.0,2415.6,2542.5,131500.0,364250.0,2026-01-27
ANGELONE  ,2025-12-11,2437.8,2530.0,2430.0,2528.0,9000.0,35250.0,2026-02-24
APLAPOLLO ,2025-12-11,1732.6,1740.4,1718.7,1732.0,438900.0,7399700.0,2025-12-30
APLAPOLLO ,2025-12-11,1745.1,1750.2,1729.2,1741.5,37100.0,90650.0,2026-01-27
APLAPOLLO ,2025-12-11,1741.2,1756.2,1740.0,1756.2,2450.0,39550.0,2026-02-24
APOLLOHOSP,2025-12-11,7112.5,7112.5,7000.0,7035.0,286250.0,3183125.0,2025-12-30
APOLLOHOSP,2025-12-11,7087.5,7125.0,7051.0,7082.0,24000.0,105625.0,2026-01-27
APOLLOHOSP,2025-12-11,7108.0,7140.0,7097.0,7105.5,2875.0,11375.0,2026-02-24
ASHOKLEY  ,2025-12-11,158.7,161.6,157.5,160.82,17540000.0,135460000.0,2025-12-30
ASHOKLEY  ,2025-12-11,158.99,161.1,157.16,160.48,1785000.0,8995000.0,2026-01-27
ASHOKLEY  ,2025-12-11,157.0,160.0,156.78,159.92,90000.0,485000.0,2026-02-24
ASIANPAINT,2025-12-11,2798.0,2813.4,2767.5,2786.4,1295750.0,11164750.0,2025-12-30
ASIANPAINT,2025-12-11,2816.7,2827.0,2787.0,2804.0,105500.0,332000.0,2026-01-27
ASIANPAINT,2025-12-11,2838.0,2838.0,2807.7,2823.7,8500.0,59500.0,2026-02-24
ASTRAL    ,2025-12-11,1405.9,1418.0,1393.5,1414.6,1149200.0,7198650.0,2025-12-30
ASTRAL    ,2025-12-11,1400.9,1421.9,1398.8,1417.7,116875.0,446675.0,2026-01-27
ASTRAL    ,2025-12-11,1411.0,1423.0,1405.1,1421.6,8500.0,40375.0,2026-02-24
AUBANK    ,2025-12-11,992.0,994.0,975.1,977.35,4551000.0,17402000.0,2025-12-30
AUBANK    ,2025-12-11,999.0,999.0,980.4,981.9,400000.0,1582000.0,2026-01-27
AUBANK    ,2025-12-11,997.75,998.0,983.7,986.15,42000.0,148000.0,2026-02-24
AUROPHARMA,2025-12-11,1173.1,1190.9,1168.0,1178.3,1572450.0,22099550.0,2025-12-30
AUROPHARMA,2025-12-11,1177.0,1196.3,1174.5,1185.1,173800.0,429000.0,2026-01-27
AUROPHARMA,2025-12-11,1193.0,1202.0,1189.6,1189.6,3850.0,14850.0,2026-02-24
AXISBANK  ,2025-12-11,1280.0,1285.4,1274.6,1278.2,2884375.0,68780625.0,2025-12-30
AXISBANK  ,2025-12-11,1288.0,1292.8,1283.0,1286.3,683750.0,4770625.0,2026-01-27
AXISBANK  ,2025-12-11,1297.1,1298.3,1292.0,1293.3,32500.0,212500.0,2026-02-24
BAJAJ-AUTO,2025-12-11,9006.0,9119.0,8973.0,9093.5,253275.0,3328350.0,2025-12-30
BAJAJ-AUTO,2025-12-11,9038.0,9157.5,9013.0,9130.0,17925.0,108750.0,2026-01-27
BAJAJ-AUTO,2025-12-11,9087.0,9190.0,9070.0,9167.5,2025.0,10725.0,2026-02-24
BAJAJFINSV,2025-12-11,2082.1,2084.2,2055.0,2071.7,756500.0,17944000.0,2025-12-30
BAJAJFINSV,2025-12-11,2088.3,2090.0,2069.8,2084.5,79750.0,734750.0,2026-01-27
BAJAJFINSV,2025-12-11,2090.1,2103.0,2082.0,2096.2,9500.0,56750.0,2026-02-24
BAJFINANCE,2025-12-11,1015.0,1023.9,1004.3,1010.9,6007500.0,83493750.0,2025-12-30
BAJFINANCE,2025-12-11,1026.1,1029.9,1010.7,1017.0,1540500.0,4369500.0,2026-01-27
BAJFINANCE,2025-12-11,1025.9,1035.0,1017.5,1022.8,61500.0,570750.0,2026-02-24
BANDHANBNK,2025-12-11,141.27,146.0,141.26,145.56,1443600.0,113504400.0,2025-12-30
BANDHANBNK,2025-12-11,142.24,146.69,142.24,145.98,154800.0,6703200.0,2026-01-27
BANDHANBNK,2025-12-11,146.06,146.06,146.06,146.06,7200.0,738000.0,2026-02-24
BANKBARODA,2025-12-11,287.65,289.3,284.5,286.3,15052050.0,80455050.0,2025-12-30
BANKBARODA,2025-12-11,287.75,290.95,286.25,288.0,1345500.0,4744350.0,2026-01-27
BANKBARODA,2025-12-11,291.0,291.65,288.05,289.8,228150.0,585000.0,2026-02-24
BANKINDIA ,2025-12-11,139.0,142.14,139.0,141.05,8387600.0,49992800.0,2025-12-30
BANKINDIA ,2025-12-11,140.57,142.9,140.57,141.82,405600.0,2355600.0,2026-01-27
BANKINDIA ,2025-12-11,141.6,143.45,141.6,142.5,78000.0,296400.0,2026-02-24
BDL       ,2025-12-11,1401.5,1432.9,1398.1,1420.2,740350.0,3859700.0,2025-12-30
BDL       ,2025-12-11,1411.0,1440.0,1405.8,1428.4,76650.0,393050.0,2026-01-27
BDL       ,2025-12-11,1418.7,1440.0,1418.7,1432.6,5600.0,58800.0,2026-02-24
BEL       ,2025-12-11,388.0,391.65,387.15,389.5,8240775.0,106399050.0,2025-12-30
BEL       ,2025-12-11,390.35,394.0,389.45,391.65,2884200.0,13048725.0,2026-01-27
BEL       ,2025-12-11,392.75,395.85,391.75,393.85,285000.0,1443525.0,2026-02-24
BHARATFORG,2025-12-11,1390.9,1421.4,1386.1,1414.2,1562500.0,7169500.0,2025-12-30
BHARATFORG,2025-12-11,1396.3,1425.9,1396.3,1419.2,97000.0,364500.0,2026-01-27
BHARATFORG,2025-12-11,1393.0,1420.0,1393.0,1420.0,4000.0,23000.0,2026-02-24
BHARTIARTL,2025-12-11,2070.4,2071.8,2046.6,2062.6,4404675.0,44219650.0,2025-12-30
BHARTIARTL,2025-12-11,2078.4,2083.2,2059.1,2075.4,1188450.0,3821850.0,2026-01-27
BHARTIARTL,2025-12-11,2087.7,2094.8,2073.1,2085.9,130150.0,287850.0,2026-02-24
BHEL      ,2025-12-11,277.0,280.45,275.0,277.75,8922375.0,57668625.0,2025-12-30
BHEL      ,2025-12-11,278.95,282.0,276.75,279.45,658875.0,2401875.0,2026-01-27
BHEL      ,2025-12-11,282.2,283.05,280.0,280.9,52500.0,464625.0,2026-02-24
BIOCON    ,2025-12-11,380.85,384.5,378.0,383.7,4707500.0,46240000.0,2025-12-30
BIOCON    ,2025-12-11,381.4,386.45,380.25,385.5,282500.0,1710000.0,2026-01-27
BIOCON    ,2025-12-11,383.35,388.2,383.35,388.15,22500.0,245000.0,2026-02-24
BLUESTARCO,2025-12-11,1720.3,1762.5,1720.3,1753.1,294775.0,2163200.0,2025-12-30
BLUESTARCO,2025-12-11,1732.9,1759.6,1732.9,1754.6,33475.0,125125.0,2026-01-27
BLUESTARCO,2025-12-11,1745.0,1745.0,1745.0,1745.0,325.0,1950.0,2026-02-24
BOSCHLTD  ,2025-12-11,36360.0,37130.0,36150.0,36990.0,20450.0,191050.0,2025-12-30
BOSCHLTD  ,2025-12-11,36645.0,37330.0,36505.0,37180.0,1475.0,5050.0,2026-01-27
BPCL      ,2025-12-11,356.5,357.45,350.8,352.9,4416100.0,26514375.0,2025-12-30
BPCL      ,2025-12-11,358.35,358.35,352.25,354.1,414750.0,764325.0,2026-01-27
BPCL      ,2025-12-11,356.5,356.5,351.65,352.95,43450.0,163925.0,2026-02-24
BRITANNIA ,2025-12-11,5851.0,5912.0,5830.0,5862.0,180875.0,2693000.0,2025-12-30
BRITANNIA ,2025-12-11,5875.0,5940.0,5875.0,5902.0,5875.0,40500.0,2026-01-27
BRITANNIA ,2025-12-11,5917.0,5950.0,5917.0,5933.0,500.0,2625.0,2026-02-24
BSE       ,2025-12-11,2589.3,2719.6,2589.3,2709.2,4618500.0,10003125.0,2025-12-30
BSE       ,2025-12-11,2616.4,2735.4,2616.0,2727.2,403500.0,749250.0,2026-01-27
BSE       ,2025-12-11,2645.0,2751.3,2629.5,2744.6,64500.0,164250.0,2026-02-24
CAMS      ,2025-12-11,729.0,760.0,727.0,758.9,1620000.0,8423250.0,2025-12-30
CAMS      ,2025-12-11,738.5,764.5,738.5,763.1,74250.0,933750.0,2026-01-27
CAMS      ,2025-12-11,740.6,760.0,740.6,760.0,14250.0,105000.0,2026-02-24
CANBK     ,2025-12-11,145.7,148.07,145.22,146.63,35181000.0,121824000.0,2025-12-30
CANBK     ,2025-12-11,147.15,148.7,146.41,147.41,5143500.0,12919500.0,2026-01-27
CANBK     ,2025-12-11,148.28,149.5,147.53,148.24,513000.0,2416500.0,2026-02-24
CDSL      ,2025-12-11,1481.9,1537.9,1480.4,1530.0,1828275.0,8656875.0,2025-12-30
CDSL      ,2025-12-11,1489.0,1545.0,1488.7,1537.6,278825.0,877325.0,2026-01-27
CDSL      ,2025-12-11,1498.0,1553.0,1498.0,1545.8,38950.0,105450.0,2026-02-24
CGPOWER   ,2025-12-11,664.15,671.15,663.2,668.0,1610750.0,15101100.0,2025-12-30
CGPOWER   ,2025-12-11,671.4,674.0,666.6,671.55,167450.0,684250.0,2026-01-27
CGPOWER   ,2025-12-11,674.0,675.95,673.0,675.95,5100.0,72250.0,2026-02-24
CHOLAFIN  ,2025-12-11,1748.6,1754.2,1725.2,1728.6,2256875.0,12852500.0,2025-12-30
CHOLAFIN  ,2025-12-11,1750.0,1754.0,1725.5,1728.8,258125.0,516875.0,2026-01-27
CHOLAFIN  ,2025-12-11,1736.1,1748.3,1725.0,1727.9,13750.0,26875.0,2026-02-24
CIPLA     ,2025-12-11,1505.0,1518.5,1497.0,1516.9,983625.0,13120875.0,2025-12-30
CIPLA     ,2025-12-11,1508.6,1528.0,1507.5,1526.3,174375.0,481500.0,2026-01-27
CIPLA     ,2025-12-11,1516.3,1535.9,1516.3,1535.1,10500.0,54750.0,2026-02-24
COALINDIA ,2025-12-11,382.5,386.45,381.75,385.25,3609900.0,50688450.0,2025-12-30
COALINDIA ,2025-12-11,385.2,388.75,384.2,387.5,599400.0,5759100.0,2026-01-27
COALINDIA ,2025-12-11,384.0,386.9,383.0,385.95,87750.0,356400.0,2026-02-24
COFORGE   ,2025-12-11,1839.0,1868.3,1831.2,1845.6,2610000.0,12159000.0,2025-12-30
COFORGE   ,2025-12-11,1836.5,1873.2,1836.2,1852.2,129000.0,443250.0,2026-01-27
COFORGE   ,2025-12-11,1848.9,1872.2,1839.9,1852.8,45375.0,80625.0,2026-02-24
COLPAL    ,2025-12-11,2155.7,2169.0,2141.0,2162.6,320175.0,6057900.0,2025-12-30
COLPAL    ,2025-12-11,2161.5,2179.4,2151.7,2174.3,51750.0,398475.0,2026-01-27
COLPAL    ,2025-12-11,2170.0,2192.1,2166.0,2187.6,7875.0,32400.0,2026-02-24
CONCOR    ,2025-12-11,508.7,510.4,504.2,508.7,1628750.0,37416250.0,2025-12-30
CONCOR    ,2025-12-11,509.5,513.7,507.75,511.55,168750.0,2108750.0,2026-01-27
CONCOR    ,2025-12-11,510.8,513.6,510.0,510.0,12500.0,306250.0,2026-02-24
CROMPTON  ,2025-12-11,253.7,253.7,249.3,252.75,3236400.0,52920000.0,2025-12-30
CROMPTON  ,2025-12-11,252.15,255.25,250.0,254.2,532800.0,3166200.0,2026-01-27
CROMPTON  ,2025-12-11,253.5,256.55,249.95,255.65,194400.0,646200.0,2026-02-24
CUMMINSIND,2025-12-11,4569.0,4602.4,4529.7,4553.8,572600.0,2853600.0,2025-12-30
CUMMINSIND,2025-12-11,4585.0,4624.0,4555.0,4575.0,35400.0,44000.0,2026-01-27
CUMMINSIND,2025-12-11,4596.9,4620.3,4575.0,4584.0,2400.0,7600.0,2026-02-24
CYIENT    ,2025-12-11,1136.8,1161.7,1136.8,1158.8,510000.0,3460350.0,2025-12-30
DABUR     ,2025-12-11,503.65,504.7,498.7,503.3,2125000.0,17247500.0,2025-12-30
DABUR     ,2025-12-11,504.4,507.35,501.25,506.35,130000.0,611250.0,2026-01-27
DABUR     ,2025-12-11,507.0,509.4,505.3,508.0,12500.0,50000.0,2026-02-24
DALBHARAT ,2025-12-11,1948.5,1998.9,1942.8,1996.2,722475.0,2324400.0,2025-12-30
DALBHARAT ,2025-12-11,1958.1,2010.2,1957.3,2005.5,16250.0,54925.0,2026-01-27
DALBHARAT ,2025-12-11,1997.8,1997.8,1997.8,1997.8,325.0,5525.0,2026-02-24
DELHIVERY ,2025-12-11,407.9,412.85,405.65,411.7,3097975.0,15709825.0,2025-12-30
DELHIVERY ,2025-12-11,410.15,414.4,408.3,413.85,147325.0,639100.0,2026-01-27
DELHIVERY ,2025-12-11,411.05,415.7,411.05,415.7,14525.0,89225.0,2026-02-24
DIVISLAB  ,2025-12-11,6327.0,6514.5,6301.5,6445.5,453200.0,2922900.0,2025-12-30
DIVISLAB  ,2025-12-11,6380.0,6550.0,6365.0,6485.0,26900.0,75200.0,2026-01-27
DIVISLAB  ,2025-12-11,6410.0,6580.0,6410.0,6500.0,1500.0,4100.0,2026-02-24
DIXON     ,2025-12-11,12302.0,13060.0,12167.0,13017.0,1495450.0,2063850.0,2025-12-30
DIXON     ,2025-12-11,12386.0,13130.0,12248.0,13097.0,141300.0,197500.0,2026-01-27
DIXON     ,2025-12-11,12500.0,13200.0,12327.0,13173.0,20200.0,41450.0,2026-02-24
DLF       ,2025-12-11,688.55,699.4,683.45,697.0,3873375.0,46976325.0,2025-12-30
DLF       ,2025-12-11,692.0,702.4,687.5,701.05,259050.0,1631850.0,2026-01-27
DLF       ,2025-12-11,694.3,706.15,692.5,704.65,28875.0,428175.0,2026-02-24
DMART     ,2025-12-11,3801.0,3847.1,3765.4,3831.2,683100.0,5348550.0,2025-12-30
DMART     ,2025-12-11,3822.1,3855.9,3776.2,3837.5,147750.0,189900.0,2026-01-27
DMART     ,2025-12-11,3852.6,3855.0,3780.5,3845.4,14700.0,29850.0,2026-02-24
DRREDDY   ,2025-12-11,1252.9,1281.4,1252.9,1276.1,1727500.0,12682500.0,2025-12-30
DRREDDY   ,2025-12-11,1258.5,1287.4,1258.5,1281.7,256250.0,721250.0,2026-01-27
DRREDDY   ,2025-12-11,1280.0,1291.4,1280.0,1288.6,6875.0,40625.0,2026-02-24
EICHERMOT ,2025-12-11,7293.0,7343.0,7251.5,7271.0,712950.0,3077375.0,2025-12-30
EICHERMOT ,2025-12-11,7314.5,7380.0,7303.5,7325.5,83500.0,143300.0,2026-01-27
EICHERMOT ,2025-12-11,7369.5,7418.0,7345.5,7349.5,3300.0,14600.0,2026-02-24
ETERNAL   ,2025-12-11,284.45,293.0,283.9,292.25,22913825.0,304386000.0,2025-12-30
ETERNAL   ,2025-12-11,287.0,294.65,286.45,294.0,2694175.0,9891575.0,2026-01-27
ETERNAL   ,2025-12-11,288.8,296.2,287.9,295.5,244925.0,1423475.0,2026-02-24
EXIDEIND  ,2025-12-11,369.4,376.25,369.3,375.75,1733400.0,28634400.0,2025-12-30
EXIDEIND  ,2025-12-11,372.15,378.6,371.4,377.9,158400.0,1260000.0,2026-01-27
EXIDEIND  ,2025-12-11,376.55,380.6,376.05,380.0,39600.0,153000.0,2026-02-24
FEDERALBNK,2025-12-11,260.65,263.55,260.0,261.85,8770000.0,60315000.0,2025-12-30
FEDERALBNK,2025-12-11,261.75,264.8,261.5,263.3,980000.0,6090000.0,2026-01-27
FEDERALBNK,2025-12-11,263.5,265.6,262.45,264.3,110000.0,575000.0,2026-02-24
FORTIS    ,2025-12-11,854.25,867.0,853.35,861.95,1488775.0,13767100.0,2025-12-30
FORTIS    ,2025-12-11,860.55,871.0,858.5,865.9,99200.0,544050.0,2026-01-27
FORTIS    ,2025-12-11,864.7,867.7,864.7,865.0,3875.0,34100.0,2026-02-24
GAIL      ,2025-12-11,168.73,170.94,168.34,169.44,5912550.0,88297650.0,2025-12-30
GAIL      ,2025-12-11,169.8,171.8,169.31,170.39,469350.0,7144200.0,2026-01-27
GAIL      ,2025-12-11,171.0,172.77,170.14,171.25,72450.0,1222200.0,2026-02-24
GLENMARK  ,2025-12-11,1956.4,1977.4,1950.0,1964.3,1157250.0,14089875.0,2025-12-30
GLENMARK  ,2025-12-11,1968.0,1982.8,1964.0,1977.0,43875.0,156375.0,2026-01-27
GLENMARK  ,2025-12-11,1982.2,1989.8,1981.9,1988.4,6000.0,13125.0,2026-02-24
GMRAIRPORT,2025-12-11,99.11,99.11,97.35,98.33,19760175.0,170901450.0,2025-12-30
GMRAIRPORT,2025-12-11,99.88,99.89,97.93,98.99,2232000.0,8084025.0,2026-01-27
GMRAIRPORT,2025-12-11,99.05,100.08,98.52,99.72,83700.0,2113425.0,2026-02-24
GODREJCP  ,2025-12-11,1140.0,1157.3,1127.6,1153.4,1613500.0,10490500.0,2025-12-30
GODREJCP  ,2025-12-11,1138.1,1163.5,1136.2,1160.2,48500.0,123000.0,2026-01-27
GODREJCP  ,2025-12-11,1153.0,1167.0,1153.0,1163.0,5500.0,10500.0,2026-02-24
GODREJPROP,2025-12-11,2018.0,2056.0,2008.7,2044.6,588225.0,8449375.0,2025-12-30
GODREJPROP,2025-12-11,2030.0,2067.1,2026.1,2056.7,21725.0,277475.0,2026-01-27
GODREJPROP,2025-12-11,2069.0,2076.6,2061.5,2068.0,4675.0,77825.0,2026-02-24
GRASIM    ,2025-12-11,2759.2,2815.4,2751.9,2810.6,1504000.0,15464500.0,2025-12-30
GRASIM    ,2025-12-11,2775.0,2833.3,2767.9,2828.2,77750.0,476500.0,2026-01-27
GRASIM    ,2025-12-11,2822.5,2842.6,2818.5,2842.6,9000.0,14750.0,2026-02-24
HAL       ,2025-12-11,4310.0,4354.2,4300.0,4330.7,727800.0,9212250.0,2025-12-30
HAL       ,2025-12-11,4346.4,4377.8,4327.8,4357.6,85050.0,769350.0,2026-01-27
HAL       ,2025-12-11,4340.0,4385.0,4339.1,4365.5,13950.0,119400.0,2026-02-24
HAVELLS   ,2025-12-11,1386.0,1411.5,1386.0,1408.6,1222000.0,7938000.0,2025-12-30
HAVELLS   ,2025-12-11,1399.4,1415.5,1397.0,1413.4,211500.0,452500.0,2026-01-27
HAVELLS   ,2025-12-11,1407.2,1418.6,1407.2,1416.9,11500.0,43000.0,2026-02-24
HCLTECH   ,2025-12-11,1671.4,1681.9,1653.9,1675.4,1502900.0,16563400.0,2025-12-30
HCLTECH   ,2025-12-11,1668.6,1678.5,1652.3,1673.6,144550.0,711200.0,2026-01-27
HCLTECH   ,2025-12-11,1685.6,1688.8,1664.2,1685.1,10850.0,70700.0,2026-02-24
HDFCAMC   ,2025-12-11,2617.1,2677.7,2611.0,2674.4,1093200.0,4482300.0,2025-12-30
HDFCAMC   ,2025-12-11,2636.1,2694.3,2636.1,2690.2,91500.0,143400.0,2026-01-27
HDFCAMC   ,2025-12-11,2678.5,2703.3,2674.7,2702.8,3900.0,14700.0,2026-02-24
HDFCBANK  ,2025-12-11,994.7,1006.6,993.2,1004.4,10480250.0,194590550.0,2025-12-30
HDFCBANK  ,2025-12-11,1003.1,1013.0,999.1,1010.8,3281300.0,20253200.0,2026-01-27
HDFCBANK  ,2025-12-11,1005.1,1018.0,1005.1,1016.3,96800.0,764500.0,2026-02-24
HDFCLIFE  ,2025-12-11,773.0,778.6,765.6,776.1,3567300.0,29280900.0,2025-12-30
HDFCLIFE  ,2025-12-11,778.0,782.3,770.65,780.95,424600.0,1541100.0,2026-01-27
HDFCLIFE  ,2025-12-11,779.15,786.0,775.15,786.0,7700.0,128700.0,2026-02-24
HEROMOTOCO,2025-12-11,5980.0,6033.5,5923.0,6007.0,739050.0,5534700.0,2025-12-30
HEROMOTOCO,2025-12-11,5963.0,6060.0,5955.0,6037.0,27450.0,163650.0,2026-01-27
HEROMOTOCO,2025-12-11,5979.5,6024.5,5960.0,6015.0,1200.0,27600.0,2026-02-24
HFCL      ,2025-12-11,66.9,68.59,65.89,67.12,17021550.0,106618500.0,2025-12-30
HINDALCO  ,2025-12-11,826.5,832.7,824.55,828.4,4025700.0,76901300.0,2025-12-30
HINDALCO  ,2025-12-11,833.25,837.65,829.75,832.75,732900.0,1474200.0,2026-01-27
HINDALCO  ,2025-12-11,840.0,842.0,834.85,837.95,58800.0,178500.0,2026-02-24
HINDPETRO ,2025-12-11,453.85,453.85,445.0,449.1,4738500.0,38157075.0,2025-12-30
HINDPETRO ,2025-12-11,455.0,455.8,447.65,452.0,526500.0,759375.0,2026-01-27
HINDPETRO ,2025-12-11,452.9,453.5,449.5,452.1,30375.0,184275.0,2026-02-24
HINDUNILVR,2025-12-11,2312.1,2319.7,2301.5,2315.3,1034400.0,5908800.0,2025-12-30
HINDUNILVR,2025-12-11,2331.2,2334.3,2317.2,2330.8,97200.0,897300.0,2026-01-27
HINDUNILVR,2025-12-11,2338.0,2346.0,2330.9,2345.0,6300.0,110400.0,2026-02-24
HINDZINC  ,2025-12-11,519.0,533.7,516.9,524.8,17403575.0,32524975.0,2025-12-30
HINDZINC  ,2025-12-11,519.0,536.6,519.0,527.8,1599850.0,1971025.0,2026-01-27
HINDZINC  ,2025-12-11,523.05,538.9,523.0,530.8,325850.0,384650.0,2026-02-24
HUDCO     ,2025-12-11,212.0,215.2,210.7,213.51,5008875.0,30597150.0,2025-12-30
HUDCO     ,2025-12-11,212.0,216.65,212.0,214.75,666000.0,1842600.0,2026-01-27
HUDCO     ,2025-12-11,213.98,217.2,213.98,215.8,41625.0,308025.0,2026-02-24
ICICIBANK ,2025-12-11,1370.0,1372.0,1359.2,1366.7,7110600.0,104031900.0,2025-12-30
ICICIBANK ,2025-12-11,1378.0,1380.7,1367.5,1374.6,2092300.0,12125400.0,2026-01-27
ICICIBANK ,2025-12-11,1384.7,1386.2,1377.0,1382.8,46200.0,819700.0,2026-02-24
ICICIGI   ,2025-12-11,1939.9,1949.4,1922.4,1944.2,335075.0,5941000.0,2025-12-30
ICICIGI   ,2025-12-11,1959.4,1959.5,1939.5,1957.4,13000.0,55575.0,2026-01-27
ICICIGI   ,2025-12-11,1955.0,1955.0,1955.0,1955.0,325.0,4550.0,2026-02-24
ICICIPRULI,2025-12-11,648.65,648.65,635.9,638.4,1549375.0,14737100.0,2025-12-30
ICICIPRULI,2025-12-11,650.1,650.9,640.35,641.9,76775.0,297850.0,2026-01-27
ICICIPRULI,2025-12-11,654.0,654.0,646.0,646.25,9250.0,26825.0,2026-02-24
IDEA      ,2025-12-11,10.8,11.36,10.75,11.31,1141741650.0,5970950025.0,2025-12-30
IDEA      ,2025-12-11,10.84,11.43,10.82,11.38,179688150.0,577732425.0,2026-01-27
IDEA      ,2025-12-11,10.9,11.49,10.9,11.43,46959075.0,69402225.0,2026-02-24
IDFCFIRSTB,2025-12-11,80.98,82.0,80.54,80.99,30301425.0,318253075.0,2025-12-30
IDFCFIRSTB,2025-12-11,81.21,82.45,80.96,81.46,4544750.0,34113450.0,2026-01-27
IDFCFIRSTB,2025-12-11,81.85,82.88,81.53,81.91,844025.0,2244550.0,2026-02-24
IEX       ,2025-12-11,139.01,143.13,137.94,142.8,8205000.0,51037500.0,2025-12-30
IEX       ,2025-12-11,139.96,143.83,138.5,143.64,690000.0,4121250.0,2026-01-27
IEX       ,2025-12-11,140.3,143.77,138.8,143.51,161250.0,1027500.0,2026-02-24
IIFL      ,2025-12-11,565.95,578.4,564.5,570.1,2697750.0,11663850.0,2025-12-30
IIFL      ,2025-12-11,568.85,581.0,568.85,573.5,217800.0,273900.0,2026-01-27
INDHOTEL  ,2025-12-11,723.0,734.95,719.55,732.95,2898000.0,25337000.0,2025-12-30
INDHOTEL  ,2025-12-11,725.95,738.25,724.1,737.15,629000.0,1296000.0,2026-01-27
INDHOTEL  ,2025-12-11,729.85,741.65,729.85,741.65,7000.0,110000.0,2026-02-24
INDIANB   ,2025-12-11,789.0,793.5,781.05,786.75,1303000.0,11282000.0,2025-12-30
INDIANB   ,2025-12-11,791.0,797.0,785.0,789.6,29000.0,356000.0,2026-01-27
INDIANB   ,2025-12-11,796.65,796.65,790.05,790.05,5000.0,52000.0,2026-02-24
INDIGO    ,2025-12-11,4690.5,4871.0,4675.0,4844.5,4591350.0,11689650.0,2025-12-30
INDIGO    ,2025-12-11,4800.0,4895.0,4713.5,4870.0,534450.0,804750.0,2026-01-27
INDIGO    ,2025-12-11,4739.0,4917.0,4739.0,4898.5,48750.0,183450.0,2026-02-24
INDUSINDBK,2025-12-11,835.0,846.9,831.0,839.35,4593400.0,44017400.0,2025-12-30
INDUSINDBK,2025-12-11,838.55,851.45,836.15,844.55,343000.0,3054100.0,2026-01-27
INDUSINDBK,2025-12-11,844.35,856.0,843.0,848.85,20300.0,343000.0,2026-02-24
INDUSTOWER,2025-12-11,404.65,412.7,403.05,411.4,9992600.0,84598800.0,2025-12-30
INDUSTOWER,2025-12-11,406.3,414.9,405.9,413.7,319600.0,1105000.0,2026-01-27
INDUSTOWER,2025-12-11,412.0,416.0,411.7,413.65,27200.0,139400.0,2026-02-24
INFY      ,2025-12-11,1598.7,1610.4,1586.8,1603.5,7459200.0,64200400.0,2025-12-30
INFY      ,2025-12-11,1615.0,1620.0,1596.2,1613.5,2306400.0,5167200.0,2026-01-27
INFY      ,2025-12-11,1626.0,1628.8,1607.0,1621.6,66400.0,321200.0,2026-02-24
INOXWIND  ,2025-12-11,121.0,124.22,119.79,122.21,18058168.0,81564416.0,2025-12-30
INOXWIND  ,2025-12-11,120.76,124.86,120.1,122.87,1376375.0,4797650.0,2026-01-27
INOXWIND  ,2025-12-11,122.47,125.53,120.8,123.66,214500.0,664950.0,2026-02-24
IOC       ,2025-12-11,163.0,163.0,159.34,160.72,8896875.0,84654375.0,2025-12-30
IOC       ,2025-12-11,163.38,163.38,160.5,161.72,1121250.0,3607500.0,2026-01-27
IOC       ,2025-12-11,163.35,163.35,161.5,162.46,273000.0,570375.0,2026-02-24
IRCTC     ,2025-12-11,671.0,675.5,666.9,673.0,882875.0,18083625.0,2025-12-30
IRCTC     ,2025-12-11,673.0,678.95,670.35,676.75,95375.0,1646750.0,2026-01-27
IRCTC     ,2025-12-11,671.0,678.5,671.0,677.65,22750.0,264250.0,2026-02-24
IREDA     ,2025-12-11,133.8,135.2,132.0,134.8,4747200.0,40575450.0,2025-12-30
IREDA     ,2025-12-11,131.66,134.85,131.66,134.58,1473150.0,9346050.0,2026-01-27
IREDA     ,2025-12-11,133.57,134.94,132.5,134.54,203550.0,976350.0,2026-02-24
IRFC      ,2025-12-11,113.85,114.2,112.03,113.88,4037500.0,40230500.0,2025-12-30
IRFC      ,2025-12-11,112.7,114.8,112.46,114.49,518500.0,4126750.0,2026-01-27
IRFC      ,2025-12-11,113.61,115.28,113.61,115.28,51000.0,641750.0,2026-02-24
ITC       ,2025-12-11,404.85,404.9,402.0,404.3,4323200.0,160073600.0,2025-12-30
ITC       ,2025-12-11,406.3,407.25,404.6,406.9,940800.0,9270400.0,2026-01-27
ITC       ,2025-12-11,403.45,404.6,402.35,404.25,148800.0,1782400.0,2026-02-24
JINDALSTEL,2025-12-11,1014.1,1017.8,1005.9,1015.9,1642500.0,12108750.0,2025-12-30
JINDALSTEL,2025-12-11,1020.3,1024.3,1013.6,1021.7,57500.0,175000.0,2026-01-27
JINDALSTEL,2025-12-11,1026.5,1027.0,1020.0,1020.0,1875.0,27500.0,2026-02-24
JIOFIN    ,2025-12-11,293.4,300.5,291.0,299.95,16356000.0,138490200.0,2025-12-30
JIOFIN    ,2025-12-11,294.0,302.25,292.85,301.7,3376950.0,13919050.0,2026-01-27
JIOFIN    ,2025-12-11,295.05,303.75,295.05,303.45,549900.0,2688400.0,2026-02-24
JSWENERGY ,2025-12-11,452.55,461.6,449.6,459.0,4742000.0,47903000.0,2025-12-30
JSWENERGY ,2025-12-11,453.75,462.95,452.1,461.2,181000.0,942000.0,2026-01-27
JSWENERGY ,2025-12-11,459.1,464.4,459.1,462.0,7000.0,177000.0,2026-02-24
JSWSTEEL  ,2025-12-11,1104.0,1113.6,1097.5,1108.4,3234600.0,47871000.0,2025-12-30
JSWSTEEL  ,2025-12-11,1109.4,1120.6,1105.1,1115.3,216000.0,1042200.0,2026-01-27
JSWSTEEL  ,2025-12-11,1113.9,1122.6,1113.9,1116.4,6075.0,167400.0,2026-02-24
JUBLFOOD  ,2025-12-11,589.15,600.45,583.0,599.35,2255000.0,17966250.0,2025-12-30
JUBLFOOD  ,2025-12-11,587.15,603.75,587.15,602.85,206250.0,658750.0,2026-01-27
JUBLFOOD  ,2025-12-11,591.9,605.6,591.6,605.3,57500.0,47500.0,2026-02-24
MIDCPNIFTY,2025-12-11,13624.7,13777.9,13566.2,13765.05,607180.0,2311400.0,2025-12-30
MIDCPNIFTY,2025-12-11,13660.0,13865.0,13655.0,13850.0,52920.0,94560.0,2026-01-27
MIDCPNIFTY,2025-12-11,13720.0,13929.35,13720.0,13922.0,5760.0,11640.0,2026-02-24
NIFTY     ,2025-12-11,25910.0,26038.9,25804.1,26009.5,5568525.0,16285800.0,2025-12-30
NIFTY     ,2025-12-11,26050.0,26196.0,25969.2,26170.0,348465.0,1376050.0,2026-01-27
NIFTY     ,2025-12-11,26298.7,26338.3,26115.0,26310.5,133705.0,474825.0,2026-02-24
NIFTYNXT50,2025-12-11,67700.0,68324.2,67530.0,68162.2,5750.0,26475.0,2025-12-30
NIFTYNXT50,2025-12-11,68268.4,68682.4,68131.8,68509.2,575.0,2575.0,2026-01-27
KALYANKJIL,2025-12-11,463.9,477.35,461.3,472.3,2458100.0,32727275.0,2025-12-30
KALYANKJIL,2025-12-11,464.35,480.0,464.35,475.25,244400.0,811925.0,2026-01-27
KALYANKJIL,2025-12-11,470.0,483.0,470.0,478.1,55225.0,135125.0,2026-02-24
KAYNES    ,2025-12-11,3918.0,4139.0,3848.0,4059.0,2446400.0,3345900.0,2025-12-30
KAYNES    ,2025-12-11,3917.0,4160.0,3875.0,4081.5,263200.0,339500.0,2026-01-27
KAYNES    ,2025-12-11,3960.0,4180.0,3900.0,4100.5,23000.0,81100.0,2026-02-24
KEI       ,2025-12-11,3958.0,4092.4,3951.0,4074.3,382025.0,1051225.0,2025-12-30
KEI       ,2025-12-11,3950.6,4087.3,3946.8,4069.9,52500.0,66500.0,2026-01-27
KEI       ,2025-12-11,3996.0,3996.0,3996.0,3996.0,175.0,2450.0,2026-02-24
KFINTECH  ,2025-12-11,1028.8,1089.7,1028.8,1079.1,1586250.0,3035700.0,2025-12-30
KFINTECH  ,2025-12-11,1031.3,1087.4,1027.9,1076.2,175500.0,219500.0,2026-01-27
KFINTECH  ,2025-12-11,1053.0,1080.0,1053.0,1080.0,9500.0,10500.0,2026-02-24
KOTAKBANK ,2025-12-11,2135.0,2211.0,2127.0,2186.6,7170800.0,37382400.0,2025-12-30
KOTAKBANK ,2025-12-11,2146.0,2223.9,2142.1,2198.9,626400.0,2798800.0,2026-01-27
KOTAKBANK ,2025-12-11,2170.0,2235.0,2170.0,2212.7,37200.0,97200.0,2026-02-24
KPITTECH  ,2025-12-11,1199.4,1242.1,1197.2,1237.7,562000.0,3274400.0,2025-12-30
KPITTECH  ,2025-12-11,1206.0,1244.0,1203.1,1240.1,51000.0,179775.0,2026-01-27
KPITTECH  ,2025-12-11,1229.0,1239.0,1229.0,1235.0,5950.0,27625.0,2026-02-24
LAURUSLABS,2025-12-11,1023.9,1036.9,1018.0,1023.8,2516000.0,14420250.0,2025-12-30
LAURUSLABS,2025-12-11,1029.0,1042.0,1024.9,1029.9,272000.0,889950.0,2026-01-27
LAURUSLABS,2025-12-11,1032.7,1047.0,1032.7,1035.8,101150.0,176800.0,2026-02-24
LICHSGFIN ,2025-12-11,532.65,536.45,531.05,534.6,1817000.0,32583000.0,2025-12-30
LICHSGFIN ,2025-12-11,535.5,539.75,535.35,537.95,304000.0,1957000.0,2026-01-27
LICHSGFIN ,2025-12-11,537.95,541.0,537.95,539.45,9000.0,178000.0,2026-02-24
LICI      ,2025-12-11,860.75,868.0,857.9,862.35,1601600.0,10358600.0,2025-12-30
LICI      ,2025-12-11,865.0,872.7,862.0,866.55,84000.0,915600.0,2026-01-27
LICI      ,2025-12-11,867.0,875.5,867.0,871.2,2800.0,154700.0,2026-02-24
LODHA     ,2025-12-11,1066.0,1089.0,1066.0,1084.4,603900.0,11964150.0,2025-12-30
LODHA     ,2025-12-11,1079.4,1095.0,1079.1,1091.3,46800.0,273600.0,2026-01-27
LODHA     ,2025-12-11,1089.9,1097.0,1089.9,1095.4,2700.0,45450.0,2026-02-24
LT        ,2025-12-11,3999.8,4024.5,3992.7,4016.3,937125.0,12722325.0,2025-12-30
LT        ,2025-12-11,4032.5,4049.9,4016.8,4041.0,419475.0,1165500.0,2026-01-27
LT        ,2025-12-11,4062.7,4066.4,4045.5,4064.5,4025.0,72625.0,2026-02-24
LTF       ,2025-12-11,304.75,306.3,300.45,302.45,10512472.0,38819400.0,2025-12-30
LTF       ,2025-12-11,305.6,307.65,302.1,303.75,652500.0,1667250.0,2026-01-27
LTF       ,2025-12-11,307.0,308.15,304.1,305.0,47250.0,162000.0,2026-02-24
LTIM      ,2025-12-11,6238.5,6335.0,6213.5,6324.0,347250.0,2088600.0,2025-12-30
LTIM      ,2025-12-11,6287.0,6362.5,6279.5,6349.0,26850.0,125700.0,2026-01-27
LTIM      ,2025-12-11,6371.0,6372.0,6364.0,6368.0,450.0,5100.0,2026-02-24
LUPIN     ,2025-12-11,2048.2,2091.0,2048.2,2086.5,724200.0,7593900.0,2025-12-30
LUPIN     ,2025-12-11,2071.8,2102.0,2063.9,2098.3,60350.0,167875.0,2026-01-27
LUPIN     ,2025-12-11,2081.0,2113.5,2081.0,2113.5,3400.0,16575.0,2026-02-24
M&M       ,2025-12-11,3633.9,3677.9,3625.0,3674.0,906000.0,17834200.0,2025-12-30
M&M       ,2025-12-11,3667.3,3701.5,3647.8,3696.4,118400.0,1098800.0,2026-01-27
M&M       ,2025-12-11,3675.0,3718.0,3675.0,3715.5,12800.0,109800.0,2026-02-24
MANAPPURAM,2025-12-11,279.75,284.4,277.65,283.95,5259000.0,40968000.0,2025-12-30
MANAPPURAM,2025-12-11,282.4,286.0,279.5,285.5,348000.0,954000.0,2026-01-27
MANAPPURAM,2025-12-11,281.0,286.4,281.0,286.15,18000.0,126000.0,2026-02-24
MANKIND   ,2025-12-11,2156.7,2187.0,2139.0,2171.9,254250.0,2230425.0,2025-12-30
MANKIND   ,2025-12-11,2155.7,2198.4,2155.7,2185.7,19575.0,103500.0,2026-01-27
MANKIND   ,2025-12-11,2173.8,2210.7,2173.8,2194.5,2700.0,10350.0,2026-02-24
MARICO    ,2025-12-11,728.85,733.9,722.9,728.4,2007600.0,33188400.0,2025-12-30
MARICO    ,2025-12-11,733.0,738.15,726.4,732.85,52800.0,169200.0,2026-01-27
MARICO    ,2025-12-11,730.5,730.5,730.5,730.5,1200.0,20400.0,2026-02-24
MARUTI    ,2025-12-11,16144.0,16328.0,16015.0,16301.0,496200.0,2735450.0,2025-12-30
MARUTI    ,2025-12-11,16165.0,16427.0,16105.0,16403.0,41450.0,118900.0,2026-01-27
MARUTI    ,2025-12-11,16310.0,16514.0,16310.0,16497.0,5600.0,10800.0,2026-02-24
MAXHEALTH ,2025-12-11,1081.7,1093.7,1079.2,1091.1,1310925.0,18039525.0,2025-12-30
MAXHEALTH ,2025-12-11,1088.1,1100.6,1086.5,1097.6,164325.0,616875.0,2026-01-27
MAXHEALTH ,2025-12-11,1097.5,1103.0,1097.0,1103.0,17325.0,127050.0,2026-02-24
MAZDOCK   ,2025-12-11,2470.4,2503.9,2450.0,2478.9,607950.0,4142250.0,2025-12-30
MAZDOCK   ,2025-12-11,2482.0,2519.9,2466.9,2493.0,110200.0,357800.0,2026-01-27
MAZDOCK   ,2025-12-11,2493.2,2532.9,2489.9,2505.1,33400.0,32400.0,2026-02-24
MCX       ,2025-12-11,9900.0,10098.0,9778.0,9995.0,1047125.0,2384125.0,2025-12-30
MCX       ,2025-12-11,9933.0,10154.0,9855.0,10048.0,97875.0,166375.0,2026-01-27
MCX       ,2025-12-11,9968.0,10192.0,9968.0,10104.0,22125.0,44625.0,2026-02-24
MFSL      ,2025-12-11,1705.9,1724.0,1692.5,1712.6,630800.0,7776800.0,2025-12-30
MFSL      ,2025-12-11,1708.3,1730.1,1700.6,1723.4,28400.0,71200.0,2026-01-27
MFSL      ,2025-12-11,1712.4,1738.5,1712.4,1726.8,1200.0,6800.0,2026-02-24
MOTHERSON ,2025-12-11,117.02,120.69,116.67,120.37,39845850.0,180336450.0,2025-12-30
MOTHERSON ,2025-12-11,117.71,121.3,117.47,121.09,3400950.0,4151250.0,2026-01-27
MOTHERSON ,2025-12-11,118.5,122.03,118.5,121.81,836400.0,1654350.0,2026-02-24
MPHASIS   ,2025-12-11,2874.9,2924.0,2857.5,2906.1,506825.0,6049725.0,2025-12-30
MPHASIS   ,2025-12-11,2876.1,2935.0,2876.1,2923.5,16500.0,62975.0,2026-01-27
MPHASIS   ,2025-12-11,2900.5,2932.0,2900.5,2932.0,550.0,6875.0,2026-02-24
MUTHOOTFIN,2025-12-11,3776.7,3799.0,3735.0,3742.2,630575.0,2555850.0,2025-12-30
MUTHOOTFIN,2025-12-11,3799.0,3815.0,3756.0,3762.7,32175.0,145750.0,2026-01-27
MUTHOOTFIN,2025-12-11,3811.3,3822.7,3784.3,3784.3,3575.0,27225.0,2026-02-24
NATIONALUM,2025-12-11,265.15,268.7,264.0,265.7,10080000.0,60330000.0,2025-12-30
NATIONALUM,2025-12-11,267.55,270.4,265.5,267.1,667500.0,3296250.0,2026-01-27
NATIONALUM,2025-12-11,266.2,268.45,264.6,266.4,165000.0,1597500.0,2026-02-24
NAUKRI    ,2025-12-11,1350.0,1361.9,1331.9,1350.3,825000.0,7641375.0,2025-12-30
NAUKRI    ,2025-12-11,1352.4,1368.7,1340.5,1357.1,91125.0,256875.0,2026-01-27
NAUKRI    ,2025-12-11,1355.0,1365.7,1351.0,1363.6,10125.0,16875.0,2026-02-24
NBCC      ,2025-12-11,107.14,109.32,106.72,108.81,9080500.0,78526500.0,2025-12-30
NBCC      ,2025-12-11,107.47,110.0,107.47,109.48,1196000.0,3230500.0,2026-01-27
NBCC      ,2025-12-11,108.0,110.42,108.0,110.1,91000.0,409500.0,2026-02-24
NCC       ,2025-12-11,160.03,163.2,159.44,161.83,3040200.0,22118400.0,2025-12-30
NESTLEIND ,2025-12-11,1219.0,1226.2,1210.9,1219.6,871000.0,15969000.0,2025-12-30
NESTLEIND ,2025-12-11,1223.3,1233.7,1218.3,1227.2,144000.0,597500.0,2026-01-27
NESTLEIND ,2025-12-11,1223.0,1235.8,1223.0,1228.7,9500.0,65000.0,2026-02-24
NHPC      ,2025-12-11,77.32,77.33,75.82,77.02,9433600.0,66169600.0,2025-12-30
NHPC      ,2025-12-11,77.6,77.6,76.5,77.52,1139200.0,4268800.0,2026-01-27
NHPC      ,2025-12-11,76.4,77.29,76.28,77.29,147200.0,1254400.0,2026-02-24
NMDC      ,2025-12-11,74.72,75.77,74.7,75.62,12818250.0,314691750.0,2025-12-30
NMDC      ,2025-12-11,75.04,76.0,74.98,75.82,1363500.0,8599500.0,2026-01-27
NMDC      ,2025-12-11,75.34,76.29,75.34,76.13,135000.0,729000.0,2026-02-24
NTPC      ,2025-12-11,323.0,324.75,320.35,323.95,5295000.0,86205000.0,2025-12-30
NTPC      ,2025-12-11,323.4,327.0,322.5,325.9,1317000.0,5842500.0,2026-01-27
NTPC      ,2025-12-11,326.5,327.25,322.55,325.45,76500.0,507000.0,2026-02-24
NUVAMA    ,2025-12-11,7040.0,7343.5,7040.0,7276.0,168375.0,327975.0,2025-12-30
NUVAMA    ,2025-12-11,7174.5,7370.5,7174.5,7302.0,8400.0,5300.0,2026-01-27
NUVAMA    ,2025-12-11,7272.0,7272.0,7272.0,7272.0,100.0,1600.0,2026-02-24
NYKAA     ,2025-12-11,248.35,251.7,245.1,250.15,4756250.0,55353125.0,2025-12-30
NYKAA     ,2025-12-11,250.65,250.65,244.85,249.55,231250.0,1365625.0,2026-01-27
NYKAA     ,2025-12-11,249.9,249.9,245.0,249.0,25000.0,106250.0,2026-02-24
OBEROIRLTY,2025-12-11,1618.4,1650.1,1610.0,1635.9,836850.0,4380600.0,2025-12-30
OBEROIRLTY,2025-12-11,1608.2,1642.0,1606.0,1631.2,54250.0,169400.0,2026-01-27
OBEROIRLTY,2025-12-11,1625.0,1625.0,1625.0,1625.0,350.0,11200.0,2026-02-24
OFSS      ,2025-12-11,7652.0,8072.5,7510.0,8043.5,515325.0,1322025.0,2025-12-30
OFSS      ,2025-12-11,7712.0,8106.0,7611.5,8079.0,35175.0,51450.0,2026-01-27
OFSS      ,2025-12-11,7800.0,8135.0,7800.0,8119.0,4425.0,4575.0,2026-02-24
OIL       ,2025-12-11,399.3,409.7,398.85,405.55,1772400.0,10656800.0,2025-12-30
OIL       ,2025-12-11,402.45,411.05,402.45,407.9,333200.0,385000.0,2026-01-27
OIL       ,2025-12-11,400.5,409.2,400.5,406.45,30800.0,116200.0,2026-02-24
ONGC      ,2025-12-11,240.21,241.85,239.0,239.45,5184000.0,92738250.0,2025-12-30
ONGC      ,2025-12-11,241.57,243.18,240.54,240.91,1651500.0,3865500.0,2026-01-27
ONGC      ,2025-12-11,241.16,243.0,240.38,240.67,87750.0,614250.0,2026-02-24
PAGEIND   ,2025-12-11,36810.0,37280.0,36700.0,37205.0,10380.0,244755.0,2025-12-30
PAGEIND   ,2025-12-11,36745.0,37270.0,36720.0,37150.0,705.0,10140.0,2026-01-27
PAGEIND   ,2025-12-11,36645.0,37070.0,36645.0,37055.0,75.0,1815.0,2026-02-24
PATANJALI ,2025-12-11,529.4,539.45,527.85,535.2,7209900.0,33632100.0,2025-12-30
PATANJALI ,2025-12-11,532.35,541.3,531.35,538.65,208800.0,396000.0,2026-01-27
PATANJALI ,2025-12-11,540.5,544.0,539.0,539.0,8100.0,37800.0,2026-02-24
PAYTM     ,2025-12-11,1272.1,1293.0,1255.2,1283.4,3427800.0,17785700.0,2025-12-30
PAYTM     ,2025-12-11,1278.4,1300.5,1264.5,1291.2,204450.0,374100.0,2026-01-27
PAYTM     ,2025-12-11,1281.0,1307.0,1281.0,1298.1,38425.0,87000.0,2026-02-24
PERSISTENT,2025-12-11,6052.0,6243.0,6043.5,6223.5,787200.0,2166700.0,2025-12-30
PERSISTENT,2025-12-11,6118.5,6271.5,6078.0,6248.5,25900.0,41400.0,2026-01-27
PERSISTENT,2025-12-11,6145.0,6293.5,6145.0,6273.5,2800.0,9400.0,2026-02-24
PETRONET  ,2025-12-11,271.0,273.05,268.5,272.0,1764000.0,43401600.0,2025-12-30
PETRONET  ,2025-12-11,272.4,274.65,270.1,273.6,190000.0,2760700.0,2026-01-27
PETRONET  ,2025-12-11,274.0,275.65,274.0,275.65,3800.0,193800.0,2026-02-24
PFC       ,2025-12-11,346.95,346.95,341.9,344.1,5401500.0,75595000.0,2025-12-30
PFC       ,2025-12-11,346.75,347.7,344.1,346.1,730600.0,6019000.0,2026-01-27
PFC       ,2025-12-11,351.0,351.0,345.05,347.2,150800.0,1038700.0,2026-02-24
PGEL      ,2025-12-11,540.6,555.0,540.6,548.85,2242100.0,10213700.0,2025-12-30
PGEL      ,2025-12-11,550.6,557.5,544.9,551.6,131100.0,411350.0,2026-01-27
PGEL      ,2025-12-11,556.0,559.3,556.0,557.0,21850.0,59850.0,2026-02-24
PHOENIXLTD,2025-12-11,1729.0,1760.1,1728.7,1747.3,326550.0,3423350.0,2025-12-30
PHOENIXLTD,2025-12-11,1747.7,1767.3,1747.7,1757.0,7700.0,29750.0,2026-01-27
PHOENIXLTD,2025-12-11,1766.5,1766.5,1766.5,1766.5,350.0,1750.0,2026-02-24
PIDILITIND,2025-12-11,1468.5,1480.4,1461.8,1471.9,483500.0,6785500.0,2025-12-30
PIDILITIND,2025-12-11,1475.4,1487.3,1473.3,1480.9,40500.0,171000.0,2026-01-27
PIDILITIND,2025-12-11,1484.1,1492.6,1484.1,1492.6,2000.0,16500.0,2026-02-24
PIIND     ,2025-12-11,3364.5,3397.3,3341.2,3384.8,169400.0,2270100.0,2025-12-30
PIIND     ,2025-12-11,3370.6,3408.5,3353.0,3392.9,27300.0,99575.0,2026-01-27
PNB       ,2025-12-11,117.6,118.73,116.7,118.07,30408000.0,207104000.0,2025-12-30
PNB       ,2025-12-11,118.32,119.41,117.5,118.79,4688000.0,20296000.0,2026-01-27
PNB       ,2025-12-11,119.54,120.0,118.12,119.27,736000.0,3944000.0,2026-02-24
PNBHOUSING,2025-12-11,867.0,911.35,867.0,905.15,2739100.0,15502500.0,2025-12-30
PNBHOUSING,2025-12-11,888.1,916.05,888.1,910.3,107250.0,265850.0,2026-01-27
PNBHOUSING,2025-12-11,908.9,919.0,908.65,908.65,3900.0,18200.0,2026-02-24
POLICYBZR ,2025-12-11,1919.3,1956.0,1909.0,1952.4,772800.0,6249950.0,2025-12-30
POLICYBZR ,2025-12-11,1935.3,1963.1,1917.0,1958.1,48650.0,323750.0,2026-01-27
POLICYBZR ,2025-12-11,1941.5,1969.5,1941.5,1968.0,2100.0,7350.0,2026-02-24
POLYCAB   ,2025-12-11,7162.5,7333.0,7162.5,7255.0,468250.0,1866250.0,2025-12-30
POLYCAB   ,2025-12-11,7215.0,7376.0,7215.0,7297.0,44500.0,80000.0,2026-01-27
POLYCAB   ,2025-12-11,7350.0,7420.0,7314.5,7335.0,5375.0,10625.0,2026-02-24
POWERGRID ,2025-12-11,266.0,267.5,263.8,266.1,5232600.0,69414600.0,2025-12-30
POWERGRID ,2025-12-11,267.15,269.0,265.2,267.6,1784100.0,6108500.0,2026-01-27
POWERGRID ,2025-12-11,269.05,269.05,264.3,266.55,127300.0,655500.0,2026-02-24
POWERINDIA,2025-12-11,18925.0,19370.0,18840.0,19325.0,110100.0,253750.0,2025-12-30
POWERINDIA,2025-12-11,19100.0,19400.0,18915.0,19380.0,5050.0,13700.0,2026-01-27
POWERINDIA,2025-12-11,19370.0,19370.0,19230.0,19230.0,150.0,1150.0,2026-02-24
PPLPHARMA ,2025-12-11,171.12,174.5,170.38,172.68,6240000.0,22577500.0,2025-12-30
PPLPHARMA ,2025-12-11,170.2,174.81,170.2,173.43,585375.0,1995000.0,2026-01-27
PPLPHARMA ,2025-12-11,171.82,175.0,171.73,174.63,23625.0,115500.0,2026-02-24
PRESTIGE  ,2025-12-11,1629.5,1669.0,1622.1,1659.7,901350.0,4041450.0,2025-12-30
PRESTIGE  ,2025-12-11,1635.2,1675.1,1635.0,1667.2,18900.0,35550.0,2026-01-27
PRESTIGE  ,2025-12-11,1671.1,1685.0,1671.1,1685.0,900.0,8550.0,2026-02-24
RBLBANK   ,2025-12-11,302.8,313.9,302.25,312.0,10204450.0,71767700.0,2025-12-30
RBLBANK   ,2025-12-11,304.2,315.7,304.2,313.95,565150.0,1530350.0,2026-01-27
RBLBANK   ,2025-12-11,315.0,316.45,313.5,316.05,31750.0,101600.0,2026-02-24
RECLTD    ,2025-12-11,345.55,346.35,341.9,345.7,3677100.0,92938575.0,2025-12-30
RECLTD    ,2025-12-11,345.65,348.1,343.9,347.6,631400.0,6486200.0,2026-01-27
RECLTD    ,2025-12-11,347.7,347.7,343.7,347.1,133000.0,1185800.0,2026-02-24
RELIANCE  ,2025-12-11,1543.0,1554.3,1528.5,1549.1,6941000.0,94398000.0,2025-12-30
RELIANCE  ,2025-12-11,1549.3,1564.4,1538.0,1558.8,2012000.0,8062000.0,2026-01-27
RELIANCE  ,2025-12-11,1558.4,1571.2,1547.3,1567.8,77000.0,909000.0,2026-02-24
RVNL      ,2025-12-11,303.4,311.7,302.8,310.0,3669875.0,39300250.0,2025-12-30
RVNL      ,2025-12-11,299.05,306.0,298.0,304.75,1030900.0,6362300.0,2026-01-27
RVNL      ,2025-12-11,294.15,301.05,293.35,299.35,187575.0,821975.0,2026-02-24
SAIL      ,2025-12-11,129.0,130.65,128.82,129.95,12248200.0,162065400.0,2025-12-30
SAIL      ,2025-12-11,130.0,131.5,129.52,130.69,968200.0,9757200.0,2026-01-27
SAIL      ,2025-12-11,130.36,131.99,130.36,131.47,159800.0,1348900.0,2026-02-24
SAMMAANCAP,2025-12-11,143.49,146.02,143.49,144.65,3620600.0,97317600.0,2025-12-30
SAMMAANCAP,2025-12-11,146.26,146.26,144.97,145.07,60200.0,3315300.0,2026-01-27
SBICARD   ,2025-12-11,868.25,886.15,864.55,874.5,2232800.0,14887200.0,2025-12-30
SBICARD   ,2025-12-11,868.1,885.0,867.75,873.9,141600.0,795200.0,2026-01-27
SBICARD   ,2025-12-11,872.0,885.55,872.0,875.0,12800.0,48000.0,2026-02-24
SBILIFE   ,2025-12-11,2020.7,2026.4,2004.3,2014.7,892875.0,7506750.0,2025-12-30
SBILIFE   ,2025-12-11,2034.2,2038.9,2017.2,2027.3,99000.0,237750.0,2026-01-27
SBILIFE   ,2025-12-11,2041.8,2047.4,2032.2,2037.6,21375.0,57375.0,2026-02-24
SBIN      ,2025-12-11,964.0,969.2,960.4,965.3,8844750.0,68575500.0,2025-12-30
SBIN      ,2025-12-11,966.85,975.0,966.3,971.15,1792500.0,8337750.0,2026-01-27
SBIN      ,2025-12-11,972.5,980.2,971.6,976.8,74250.0,783750.0,2026-02-24
SHREECEM  ,2025-12-11,25890.0,26490.0,25875.0,26225.0,36500.0,273225.0,2025-12-30
SHREECEM  ,2025-12-11,25965.0,26535.0,25895.0,26275.0,4250.0,23625.0,2026-01-27
SHREECEM  ,2025-12-11,26115.0,26465.0,26115.0,26465.0,300.0,1350.0,2026-02-24
SHRIRAMFIN,2025-12-11,841.75,853.6,839.0,850.65,4403850.0,62176125.0,2025-12-30
SHRIRAMFIN,2025-12-11,849.5,858.5,843.5,855.4,338250.0,1630200.0,2026-01-27
SHRIRAMFIN,2025-12-11,848.2,860.35,847.95,858.1,34650.0,207075.0,2026-02-24
SIEMENS   ,2025-12-11,3192.0,3211.0,3170.5,3203.4,307500.0,2523875.0,2025-12-30
SIEMENS   ,2025-12-11,3198.7,3225.6,3190.0,3218.7,22925.0,120750.0,2026-01-27
SIEMENS   ,2025-12-11,3219.5,3227.1,3219.5,3227.1,350.0,11550.0,2026-02-24
SOLARINDS ,2025-12-11,12438.0,12575.0,12438.0,12498.0,84375.0,872925.0,2025-12-30
SOLARINDS ,2025-12-11,12519.0,12663.0,12519.0,12592.0,5150.0,51200.0,2026-01-27
SOLARINDS ,2025-12-11,12600.0,12700.0,12600.0,12650.0,1150.0,8850.0,2026-02-24
SONACOMS  ,2025-12-11,475.0,495.35,469.35,485.65,3240300.0,13535550.0,2025-12-30
SONACOMS  ,2025-12-11,477.0,497.95,475.0,488.7,429975.0,463050.0,2026-01-27
SONACOMS  ,2025-12-11,478.5,497.3,478.45,490.9,28175.0,66150.0,2026-02-24
SRF       ,2025-12-11,2959.9,2964.7,2930.2,2954.0,584400.0,4002600.0,2025-12-30
SRF       ,2025-12-11,2966.2,2980.0,2954.5,2972.2,23600.0,172000.0,2026-01-27
SRF       ,2025-12-11,2984.0,2988.0,2975.0,2987.8,3600.0,14800.0,2026-02-24
SUNPHARMA ,2025-12-11,1782.2,1813.9,1782.2,1811.1,1082200.0,14279300.0,2025-12-30
SUNPHARMA ,2025-12-11,1798.1,1824.0,1796.5,1821.7,182350.0,787500.0,2026-01-27
SUNPHARMA ,2025-12-11,1801.5,1823.4,1800.9,1821.6,9100.0,56000.0,2026-02-24
SUPREMEIND,2025-12-11,3275.5,3300.4,3190.2,3240.8,653275.0,2032275.0,2025-12-30
SUPREMEIND,2025-12-11,3306.9,3306.9,3209.5,3260.6,47075.0,104650.0,2026-01-27
SUPREMEIND,2025-12-11,3295.0,3308.8,3235.3,3277.5,12775.0,8750.0,2026-02-24
SUZLON    ,2025-12-11,51.99,52.63,51.46,52.31,28808000.0,247232000.0,2025-12-30
SUZLON    ,2025-12-11,52.18,52.9,51.8,52.62,5649650.0,22833250.0,2026-01-27
SUZLON    ,2025-12-11,52.45,53.1,52.17,52.9,541500.0,3005325.0,2026-02-24
SYNGENE   ,2025-12-11,630.4,646.0,628.05,642.75,1127000.0,8285000.0,2025-12-30
SYNGENE   ,2025-12-11,633.3,649.4,633.3,646.0,60000.0,241000.0,2026-01-27
SYNGENE   ,2025-12-11,644.95,652.1,644.95,650.75,8000.0,13000.0,2026-02-24
TATACONSUM,2025-12-11,1150.7,1157.4,1139.7,1147.2,1406350.0,12045000.0,2025-12-30
TATACONSUM,2025-12-11,1154.0,1163.9,1147.1,1154.7,419100.0,639100.0,2026-01-27
TATACONSUM,2025-12-11,1165.5,1171.6,1159.4,1161.0,37950.0,46200.0,2026-02-24
TATAELXSI ,2025-12-11,4875.5,5049.0,4875.5,5039.5,328500.0,1846200.0,2025-12-30
TATAELXSI ,2025-12-11,4921.0,5074.0,4916.0,5067.0,42000.0,127100.0,2026-01-27
TATAELXSI ,2025-12-11,4940.0,5093.5,4939.5,5089.0,5800.0,25700.0,2026-02-24
TATAPOWER ,2025-12-11,380.4,383.85,377.0,381.9,4735700.0,52534950.0,2025-12-30
TATAPOWER ,2025-12-11,382.5,385.9,379.35,384.05,582900.0,3016000.0,2026-01-27
TATAPOWER ,2025-12-11,383.5,387.8,382.8,386.05,111650.0,497350.0,2026-02-24
TATASTEEL ,2025-12-11,164.1,166.99,163.68,166.73,48609000.0,255123000.0,2025-12-30
TATASTEEL ,2025-12-11,165.0,167.95,164.72,167.74,6033500.0,21719500.0,2026-01-27
TATASTEEL ,2025-12-11,167.0,168.85,165.8,168.64,594000.0,2420000.0,2026-02-24
TATATECH  ,2025-12-11,647.0,660.35,643.5,659.0,1488000.0,10972800.0,2025-12-30
TATATECH  ,2025-12-11,647.85,663.0,646.15,661.7,210400.0,1156000.0,2026-01-27
TATATECH  ,2025-12-11,651.25,666.55,651.25,665.4,16000.0,88800.0,2026-02-24
TCS       ,2025-12-11,3212.9,3215.6,3160.3,3199.2,2591400.0,24458875.0,2025-12-30
TCS       ,2025-12-11,3219.0,3228.7,3174.0,3211.9,399525.0,1937600.0,2026-01-27
TCS       ,2025-12-11,3242.0,3245.0,3194.9,3230.4,45150.0,156100.0,2026-02-24
TECHM     ,2025-12-11,1554.5,1578.6,1547.4,1575.6,2329200.0,21379200.0,2025-12-30
TECHM     ,2025-12-11,1569.9,1587.3,1557.1,1584.9,328800.0,527400.0,2026-01-27
TECHM     ,2025-12-11,1579.0,1595.3,1565.9,1594.0,12000.0,50400.0,2026-02-24
TIINDIA   ,2025-12-11,2582.0,2668.9,2582.0,2658.8,334200.0,3019800.0,2025-12-30
TIINDIA   ,2025-12-11,2652.8,2686.3,2620.6,2675.6,37600.0,104200.0,2026-01-27
TIINDIA   ,2025-12-11,2637.0,2642.0,2631.7,2642.0,1200.0,16600.0,2026-02-24
TITAGARH  ,2025-12-11,758.35,776.8,752.55,773.45,772850.0,5630350.0,2025-12-30
TITAN     ,2025-12-11,3840.3,3864.3,3785.2,3853.4,915425.0,9080575.0,2025-12-30
TITAN     ,2025-12-11,3848.5,3889.3,3808.4,3879.0,101500.0,455525.0,2026-01-27
TITAN     ,2025-12-11,3885.0,3897.4,3838.0,3897.4,6125.0,95550.0,2026-02-24
TMPV      ,2025-12-11,344.0,349.05,342.1,348.0,8740000.0,83904800.0,2025-12-30
TMPV      ,2025-12-11,346.1,351.1,344.1,350.25,1468000.0,8304000.0,2026-01-27
TMPV      ,2025-12-11,347.4,353.0,346.5,352.55,206400.0,1126400.0,2026-02-24
TORNTPHARM,2025-12-11,3800.1,3813.0,3771.7,3808.7,193500.0,2455750.0,2025-12-30
TORNTPHARM,2025-12-11,3822.0,3837.3,3798.2,3822.5,5500.0,19250.0,2026-01-27
TORNTPHARM,2025-12-11,3800.0,3800.0,3800.0,3800.0,250.0,3500.0,2026-02-24
TORNTPOWER,2025-12-11,1266.5,1299.5,1261.5,1288.0,595500.0,2691375.0,2025-12-30
TORNTPOWER,2025-12-11,1271.2,1306.5,1271.2,1295.4,35700.0,88400.0,2026-01-27
TORNTPOWER,2025-12-11,1274.0,1296.0,1274.0,1290.0,9350.0,17000.0,2026-02-24
TRENT     ,2025-12-11,4011.1,4078.2,3948.5,4066.9,1291400.0,8430100.0,2025-12-30
TRENT     ,2025-12-11,4049.5,4101.7,3972.7,4086.3,273800.0,668200.0,2026-01-27
TRENT     ,2025-12-11,4065.4,4126.9,3994.4,4113.8,43100.0,103800.0,2026-02-24
TVSMOTOR  ,2025-12-11,3617.0,3659.8,3594.2,3654.8,533050.0,7489475.0,2025-12-30
TVSMOTOR  ,2025-12-11,3612.3,3672.0,3610.5,3670.7,20125.0,75775.0,2026-01-27
TVSMOTOR  ,2025-12-11,3664.0,3664.0,3648.1,3648.1,350.0,33775.0,2026-02-24
ULTRACEMCO,2025-12-11,11255.0,11533.0,11255.0,11521.0,207600.0,2676200.0,2025-12-30
ULTRACEMCO,2025-12-11,11408.0,11601.0,11397.0,11592.0,39900.0,131350.0,2026-01-27
ULTRACEMCO,2025-12-11,11510.0,11664.0,11497.0,11664.0,2850.0,11850.0,2026-02-24
UNIONBANK ,2025-12-11,147.5,151.94,145.09,150.74,11018250.0,73583325.0,2025-12-30
UNIONBANK ,2025-12-11,149.33,152.1,149.0,151.33,1119525.0,5394075.0,2026-01-27
UNIONBANK ,2025-12-11,151.2,152.8,151.2,152.2,57525.0,584100.0,2026-02-24
UNITDSPR  ,2025-12-11,1449.0,1451.0,1430.6,1444.4,627200.0,12553200.0,2025-12-30
UNITDSPR  ,2025-12-11,1441.2,1459.3,1440.0,1453.0,38400.0,150400.0,2026-01-27
UNITDSPR  ,2025-12-11,1451.8,1466.5,1451.0,1461.2,6400.0,30000.0,2026-02-24
UNOMINDA  ,2025-12-11,1231.8,1246.0,1222.0,1240.4,546700.0,4321350.0,2025-12-30
UNOMINDA  ,2025-12-11,1236.0,1248.2,1235.7,1246.8,18700.0,171600.0,2026-01-27
UPL       ,2025-12-11,736.95,751.8,734.0,747.15,4310255.0,34326215.0,2025-12-30
UPL       ,2025-12-11,742.0,755.9,738.7,751.9,186990.0,401080.0,2026-01-27
UPL       ,2025-12-11,744.25,757.0,744.25,755.95,12195.0,66395.0,2026-02-24
VBL       ,2025-12-11,475.75,482.55,468.8,480.75,4797000.0,42195150.0,2025-12-30
VBL       ,2025-12-11,478.0,485.0,471.85,483.15,298125.0,1395000.0,2026-01-27
VBL       ,2025-12-11,478.05,488.0,474.0,487.05,27000.0,131625.0,2026-02-24
VEDL      ,2025-12-11,528.0,535.3,526.0,530.5,11754150.0,105162900.0,2025-12-30
VEDL      ,2025-12-11,531.35,537.55,528.3,532.2,1163800.0,2370150.0,2026-01-27
VEDL      ,2025-12-11,532.25,538.4,530.3,534.3,195500.0,504850.0,2026-02-24
VOLTAS    ,2025-12-11,1315.6,1345.8,1315.6,1340.3,1009500.0,10513125.0,2025-12-30
VOLTAS    ,2025-12-11,1313.1,1334.1,1310.6,1328.9,274875.0,996000.0,2026-01-27
VOLTAS    ,2025-12-11,1307.0,1322.0,1306.2,1320.4,3000.0,51000.0,2026-02-24
WIPRO     ,2025-12-11,259.94,261.25,259.1,260.52,11265000.0,112056000.0,2025-12-30
WIPRO     ,2025-12-11,259.91,260.37,258.46,259.94,789000.0,4782000.0,2026-01-27
WIPRO     ,2025-12-11,259.0,259.43,257.57,258.97,81000.0,846000.0,2026-02-24
YESBANK   ,2025-12-11,21.86,22.11,21.65,22.05,88572800.0,994764600.0,2025-12-30
YESBANK   ,2025-12-11,21.93,22.24,21.79,22.18,17727000.0,99240100.0,2026-01-27
YESBANK   ,2025-12-11,22.01,22.34,21.91,22.3,4136300.0,11133800.0,2026-02-24
ZYDUSLIFE ,2025-12-11,927.55,931.6,924.0,927.25,994500.0,10449900.0,2025-12-30
ZYDUSLIFE ,2025-12-11,930.1,936.0,929.75,932.8,71100.0,480600.0,2026-01-27
ZYDUSLIFE ,2025-12-11,936.0,939.75,936.0,938.6,10800.0,27000.0,2026-02-24
